2023,2022,2021,2020,2019,2018,2017,2016,2016-2017
UNITID,UNITID,UNITID,UNITID,UNITID,UNITID,UNITID,UNITID,Match
INSTNM,INSTNM,INSTNM,INSTNM,INSTNM,INSTNM,INSTNM,INSTNM,Match
IALIAS,IALIAS,IALIAS,IALIAS,IALIAS,IALIAS,IALIAS,IALIAS,Match
ADDR,ADDR,ADDR,ADDR,ADDR,ADDR,ADDR,ADDR,Match
CITY,CITY,CITY,CITY,CITY,CITY,CITY,CITY,Match
STABBR,STABBR,STABBR,STABBR,STABBR,STABBR,STABBR,STABBR,Match
ZIP,ZIP,ZIP,ZIP,ZIP,ZIP,ZIP,ZIP,Match
FIPS,FIPS,FIPS,FIPS,FIPS,FIPS,FIPS,FIPS,Match
OBEREG,OBEREG,OBEREG,OBEREG,OBEREG,OBEREG,OBEREG,OBEREG,Match
CHFNM,CHFNM,CHFNM,CHFNM,CHFNM,CHFNM,CHFNM,CHFNM,Match
CHFTITLE,CHFTITLE,CHFTITLE,CHFTITLE,CHFTITLE,CHFTITLE,CHFTITLE,CHFTITLE,Match
GENTELE,GENTELE,GENTELE,GENTELE,GENTELE,GENTELE,GENTELE,GENTELE,Match
EIN,EIN,EIN,EIN,EIN,EIN,EIN,EIN,Match
UEIS,UEIS,DUNS,DUNS,DUNS,DUNS,DUNS,DUNS,Match
OPEID,OPEID,OPEID,OPEID,OPEID,OPEID,OPEID,OPEID,Match
OPEFLAG,OPEFLAG,OPEFLAG,OPEFLAG,OPEFLAG,OPEFLAG,OPEFLAG,OPEFLAG,Match
WEBADDR,WEBADDR,WEBADDR,WEBADDR,WEBADDR,WEBADDR,WEBADDR,WEBADDR,Match
ADMINURL,ADMINURL,ADMINURL,ADMINURL,ADMINURL,ADMINURL,ADMINURL,ADMINURL,Match
FAIDURL,FAIDURL,FAIDURL,FAIDURL,FAIDURL,FAIDURL,FAIDURL,FAIDURL,Match
APPLURL,APPLURL,APPLURL,APPLURL,APPLURL,APPLURL,APPLURL,APPLURL,Match
NPRICURL,NPRICURL,NPRICURL,NPRICURL,NPRICURL,NPRICURL,NPRICURL,NPRICURL,Match
VETURL,VETURL,VETURL,VETURL,VETURL,VETURL,VETURL,VETURL,Match
ATHURL,ATHURL,ATHURL,ATHURL,ATHURL,ATHURL,ATHURL,ATHURL,Match
DISAURL,DISAURL,DISAURL,DISAURL,DISAURL,DISAURL,DISAURL,DISAURL,Match
SECTOR,SECTOR,SECTOR,SECTOR,SECTOR,SECTOR,SECTOR,SECTOR,Match
ICLEVEL,ICLEVEL,ICLEVEL,ICLEVEL,ICLEVEL,ICLEVEL,ICLEVEL,ICLEVEL,Match
CONTROL,CONTROL,CONTROL,CONTROL,CONTROL,CONTROL,CONTROL,CONTROL,Match
HLOFFER,HLOFFER,HLOFFER,HLOFFER,HLOFFER,HLOFFER,HLOFFER,HLOFFER,Match
UGOFFER,UGOFFER,UGOFFER,UGOFFER,UGOFFER,UGOFFER,UGOFFER,UGOFFER,Match
GROFFER,GROFFER,GROFFER,GROFFER,GROFFER,GROFFER,GROFFER,GROFFER,Match
HDEGOFR1,HDEGOFR1,HDEGOFR1,HDEGOFR1,HDEGOFR1,HDEGOFR1,HDEGOFR1,HDEGOFR1,Match
DEGGRANT,DEGGRANT,DEGGRANT,DEGGRANT,DEGGRANT,DEGGRANT,DEGGRANT,DEGGRANT,Match
HBCU,HBCU,HBCU,HBCU,HBCU,HBCU,HBCU,HBCU,Match
HOSPITAL,HOSPITAL,HOSPITAL,HOSPITAL,HOSPITAL,HOSPITAL,HOSPITAL,HOSPITAL,Match
MEDICAL,MEDICAL,MEDICAL,MEDICAL,MEDICAL,MEDICAL,MEDICAL,MEDICAL,Match
TRIBAL,TRIBAL,TRIBAL,TRIBAL,TRIBAL,TRIBAL,TRIBAL,TRIBAL,Match
LOCALE,LOCALE,LOCALE,LOCALE,LOCALE,LOCALE,LOCALE,LOCALE,Match
OPENPUBL,OPENPUBL,OPENPUBL,OPENPUBL,OPENPUBL,OPENPUBL,OPENPUBL,OPENPUBL,Match
ACT,ACT,ACT,ACT,ACT,ACT,ACT,ACT,Match
NEWID,NEWID,NEWID,NEWID,NEWID,NEWID,NEWID,NEWID,Match
DEATHYR,DEATHYR,DEATHYR,DEATHYR,DEATHYR,DEATHYR,DEATHYR,DEATHYR,Match
CLOSEDAT,CLOSEDAT,CLOSEDAT,CLOSEDAT,CLOSEDAT,CLOSEDAT,CLOSEDAT,CLOSEDAT,Match
CYACTIVE,CYACTIVE,CYACTIVE,CYACTIVE,CYACTIVE,CYACTIVE,CYACTIVE,CYACTIVE,Match
POSTSEC,POSTSEC,POSTSEC,POSTSEC,POSTSEC,POSTSEC,POSTSEC,POSTSEC,Match
PSEFLAG,PSEFLAG,PSEFLAG,PSEFLAG,PSEFLAG,PSEFLAG,PSEFLAG,PSEFLAG,Match
PSET4FLG,PSET4FLG,PSET4FLG,PSET4FLG,PSET4FLG,PSET4FLG,PSET4FLG,PSET4FLG,Match
RPTMTH,RPTMTH,RPTMTH,RPTMTH,RPTMTH,RPTMTH,RPTMTH,RPTMTH,Match
INSTCAT,INSTCAT,INSTCAT,INSTCAT,INSTCAT,INSTCAT,INSTCAT,INSTCAT,Match
C21BASIC,C21BASIC,C21BASIC,C18BASIC,C18BASIC,C18BASIC,C15BASIC,C15BASIC,Match
C21IPUG,C21IPUG,C21IPUG,C18IPUG,C18IPUG,C18IPUG,C15IPUG,C15IPUG,Match
C21IPGRD,C21IPGRD,C21IPGRD,C18IPGRD,C18IPGRD,C18IPGRD,C15IPGRD,C15IPGRD,Match
C21UGPRF,C21UGPRF,C21UGPRF,C18UGPRF,C18UGPRF,C18UGPRF,C15UGPRF,C15UGPRF,Match
C21ENPRF,C21ENPRF,C21ENPRF,C18ENPRF,C18ENPRF,C18ENPRF,C15ENPRF,C15ENPRF,Match
C21SZSET,C21SZSET,C21SZSET,C18SZSET,C18SZSET,C18SZSET,C15SZSET,C15SZSET,Match
C18BASIC,C18BASIC,C18BASIC,C15BASIC,C15BASIC,C15BASIC,CCBASIC,CCBASIC,Match
C15BASIC,C15BASIC,C15BASIC,CCBASIC,CCBASIC,CCBASIC,CARNEGIE,CARNEGIE,Match
CCBASIC,CCBASIC,CCBASIC,CARNEGIE,CARNEGIE,CARNEGIE,LANDGRNT,LANDGRNT,Match
CARNEGIE,CARNEGIE,CARNEGIE,LANDGRNT,LANDGRNT,LANDGRNT,INSTSIZE,INSTSIZE,Match
LANDGRNT,LANDGRNT,LANDGRNT,INSTSIZE,INSTSIZE,INSTSIZE,F1SYSTYP,F1SYSTYP,Match
INSTSIZE,INSTSIZE,INSTSIZE,F1SYSTYP,F1SYSTYP,F1SYSTYP,F1SYSNAM,F1SYSNAM,Match
F1SYSTYP,F1SYSTYP,F1SYSTYP,F1SYSNAM,F1SYSNAM,F1SYSNAM,F1SYSCOD,F1SYSCOD,Match
F1SYSNAM,F1SYSNAM,F1SYSNAM,F1SYSCOD,F1SYSCOD,F1SYSCOD,CBSA,CBSA,Match
F1SYSCOD,F1SYSCOD,F1SYSCOD,CBSA,CBSA,CBSA,CBSATYPE,CBSATYPE,Match
CBSA,CBSA,CBSA,CBSATYPE,CBSATYPE,CBSATYPE,CSA,CSA,Match
CBSATYPE,CBSATYPE,CBSATYPE,CSA,CSA,CSA,NECTA,NECTA,Match
CSA,CSA,CSA,NECTA,NECTA,NECTA,COUNTYCD,COUNTYCD,Match
COUNTYCD,COUNTYCD,NECTA,COUNTYCD,COUNTYCD,COUNTYCD,COUNTYNM,COUNTYNM,Match
COUNTYNM,COUNTYNM,COUNTYCD,COUNTYNM,COUNTYNM,COUNTYNM,CNGDSTCD,CNGDSTCD,Match
CNGDSTCD,CNGDSTCD,COUNTYNM,CNGDSTCD,CNGDSTCD,CNGDSTCD,LONGITUD,LONGITUD,Match
LONGITUD,LONGITUD,CNGDSTCD,LONGITUD,LONGITUD,LONGITUD,LATITUDE,LATITUDE,Match
LATITUDE,LATITUDE,LONGITUD,LATITUDE,LATITUDE,LATITUDE,DFRCGID,DFRCGID,Match
DFRCGID,DFRCGID,LATITUDE,DFRCGID,DFRCGID,DFRCGID,DFRCUSCG,DFRCUSCG,Match
DFRCUSCG,DFRCUSCG,DFRCGID,DFRCUSCG,DFRCUSCG,DFRCUSCG,UNITID,UNITID,Match
UNITID,UNITID,DFRCUSCG,UNITID,UNITID,UNITID,STAT_IC,STAT_IC,Match
STAT_IC,STAT_IC,UNITID,STAT_IC,STAT_IC,STAT_IC,LOCK_IC,LOCK_IC,Match
LOCK_IC,LOCK_IC,STAT_IC,LOCK_IC,LOCK_IC,LOCK_IC,IMP_IC,IMP_IC,Match
IMP_IC,IMP_IC,LOCK_IC,IMP_IC,IMP_IC,IMP_IC,STAT_C,STAT_C,Match
STAT_C,STAT_C,IMP_IC,STAT_C,STAT_C,STAT_C,LOCK_C,LOCK_C,Match
LOCK_C,LOCK_C,STAT_C,LOCK_C,LOCK_C,LOCK_C,PRCH_C,PRCH_C,Match
PRCH_C,PRCH_C,LOCK_C,PRCH_C,PRCH_C,PRCH_C,IDX_C,IDX_C,Match
IDX_C,IDX_C,PRCH_C,IDX_C,IDX_C,IDX_C,PCC_F,PCC_F,Match
PCC_F,PCC_F,IDX_C,PCC_F,PCC_F,PCC_F,IMP_C,IMP_C,Match
IMP_C,IMP_C,PCC_F,IMP_C,IMP_C,IMP_C,STAT_E12,STAT_E12,Match
STAT_E12,STAT_E12,IMP_C,STAT_E12,STAT_E12,STAT_E12,LOCK_E12,LOCK_E12,Match
LOCK_E12,LOCK_E12,STAT_E12,LOCK_E12,LOCK_E12,LOCK_E12,PRCH_E12,PRCH_E12,Match
PRCH_E12,PRCH_E12,LOCK_E12,PRCH_E12,PRCH_E12,PRCH_E12,IDX_E12,IDX_E12,Match
IDX_E12,IDX_E12,PRCH_E12,IDX_E12,IDX_E12,IDX_E12,PCE12_F,PCE12_F,Match
PCE12_F,PCE12_F,IDX_E12,PCE12_F,PCE12_F,PCE12_F,IMP_E12,IMP_E12,Match
IMP_E12,IMP_E12,PCE12_F,IMP_E12,IMP_E12,IMP_E12,STAT_SFA,STAT_SFA,Match
STAT_SFA,STAT_SFA,IMP_E12,STAT_SFA,STAT_SFA,STAT_SFA,LOCK_SFA,LOCK_SFA,Match
LOCK_SFA,LOCK_SFA,STAT_SFA,LOCK_SFA,LOCK_SFA,LOCK_SFA,PRCH_SFA,PRCH_SFA,Match
PRCH_SFA,PRCH_SFA,LOCK_SFA,PRCH_SFA,PRCH_SFA,PRCH_SFA,IDX_SFA,IDX_SFA,Match
IDX_SFA,IDX_SFA,PRCH_SFA,IDX_SFA,IDX_SFA,IDX_SFA,PCSFA_F,PCSFA_F,Match
PCSFA_F,PCSFA_F,IDX_SFA,PCSFA_F,PCSFA_F,PCSFA_F,IMP_SFA,IMP_SFA,Match
IMP_SFA,IMP_SFA,PCSFA_F,IMP_SFA,IMP_SFA,IMP_SFA,SFAFORM,SFAFORM,Match
SFAFORM,SFAFORM,IMP_SFA,SFAFORM,SFAFORM,SFAFORM,STAT_GR,STAT_GR,Match
STAT_GR,STAT_GR,SFAFORM,STAT_GR,STAT_GR,STAT_GR,LOCK_GR,LOCK_GR,Match
LOCK_GR,LOCK_GR,STAT_GR,LOCK_GR,LOCK_GR,LOCK_GR,PRCH_GR,PRCH_GR,Match
PRCH_GR,PRCH_GR,LOCK_GR,PRCH_GR,PRCH_GR,PRCH_GR,IDX_GR,IDX_GR,Match
IDX_GR,IDX_GR,PRCH_GR,IDX_GR,IDX_GR,IDX_GR,PCGR_F,PCGR_F,Match
PCGR_F,PCGR_F,IDX_GR,PCGR_F,PCGR_F,PCGR_F,IMP_GR,IMP_GR,Match
IMP_GR,IMP_GR,PCGR_F,IMP_GR,IMP_GR,IMP_GR,COHRTSTU,COHRTSTU,Match
COHRTSTU,COHRTSTU,IMP_GR,COHRTSTU,COHRTSTU,COHRTSTU,STAT_GR2,STAT_GR2,Match
STAT_GR2,STAT_GR2,COHRTSTU,STAT_GR2,STAT_GR2,STAT_GR2,LOCK_GR2,LOCK_GR2,Match
LOCK_GR2,LOCK_GR2,STAT_GR2,LOCK_GR2,LOCK_GR2,LOCK_GR2,PRCH_GR2,PRCH_GR2,Match
PRCH_GR2,PRCH_GR2,LOCK_GR2,PRCH_GR2,PRCH_GR2,PRCH_GR2,IDX_GR2,IDX_GR2,Match
IDX_GR2,IDX_GR2,PRCH_GR2,IDX_GR2,IDX_GR2,IDX_GR2,PCGR2_F,PCGR2_F,Match
PCGR2_F,PCGR2_F,IDX_GR2,PCGR2_F,PCGR2_F,PCGR2_F,IMP_GR2,IMP_GR2,Match
IMP_GR2,IMP_GR2,PCGR2_F,IMP_GR2,IMP_GR2,IMP_GR2,STAT_OM,STAT_OM,Match
STAT_OM,STAT_OM,IMP_GR2,STAT_OM,STAT_OM,STAT_OM,LOCK_OM,LOCK_OM,Match
LOCK_OM,LOCK_OM,STAT_OM,LOCK_OM,LOCK_OM,LOCK_OM,PRCH_OM,PRCH_OM,Match
PRCH_OM,PRCH_OM,LOCK_OM,PRCH_OM,PRCH_OM,PRCH_OM,IDX_OM,IDX_OM,Match
IDX_OM,IDX_OM,PRCH_OM,IDX_OM,IDX_OM,IDX_OM,PCOM_F,PCOM_F,Match
PCOM_F,PCOM_F,IDX_OM,PCOM_F,PCOM_F,PCOM_F,IMP_OM,IMP_OM,Match
IMP_OM,IMP_OM,PCOM_F,IMP_OM,IMP_OM,IMP_OM,STAT_ADM,STAT_ADM,Match
STAT_ADM,STAT_ADM,IMP_OM,STAT_ADM,STAT_ADM,STAT_ADM,LOCK_ADM,LOCK_ADM,Match
LOCK_ADM,LOCK_ADM,STAT_ADM,LOCK_ADM,LOCK_ADM,LOCK_ADM,IMP_ADM,IMP_ADM,Match
PRCH_ADM,PRCH_ADM,LOCK_ADM,PRCH_ADM,PRCH_ADM,IMP_ADM,STAT_HR,STAT_HR,Match
IDX_ADM,IDX_ADM,PRCH_ADM,IDX_ADM,IDX_ADM,STAT_HR,LOCK_HR,LOCK_HR,Match
PCADM_F,PCADM_F,IDX_ADM,PCADM_F,PCADM_F,LOCK_HR,PRCH_HR,PRCH_HR,Match
IMP_ADM,IMP_ADM,PCADM_F,IMP_ADM,IMP_ADM,PRCH_HR,IDX_HR,IDX_HR,Match
STAT_HR,STAT_HR,IMP_ADM,STAT_HR,STAT_HR,IDX_HR,PCHR_F,PCHR_F,Match
LOCK_HR,LOCK_HR,STAT_HR,LOCK_HR,LOCK_HR,PCHR_F,IMP_HR,IMP_HR,Match
PRCH_HR,PRCH_HR,LOCK_HR,PRCH_HR,PRCH_HR,IMP_HR,FTEMP15,FTEMP15,Match
IDX_HR,IDX_HR,PRCH_HR,IDX_HR,IDX_HR,FTEMP15,TENURSYS,TENURSYS,Match
PCHR_F,PCHR_F,IDX_HR,PCHR_F,PCHR_F,TENURSYS,SA_EXCL,SA_EXCL,Match
IMP_HR,IMP_HR,PCHR_F,IMP_HR,IMP_HR,SA_EXCL,STAT_EAP,STAT_EAP,Match
FTEMP15,FTEMP15,IMP_HR,FTEMP15,FTEMP15,STAT_EAP,STAT_SA,STAT_SA,Match
TENURSYS,TENURSYS,FTEMP15,TENURSYS,TENURSYS,STAT_SA,STAT_S,STAT_S,Match
SA_EXCL,SA_EXCL,TENURSYS,SA_EXCL,SA_EXCL,STAT_S,STAT_EF,STAT_EF,Match
STAT_EAP,STAT_EAP,SA_EXCL,STAT_EAP,STAT_EAP,STAT_EF,LOCK_EF,LOCK_EF,Match
STAT_SA,STAT_SA,STAT_EAP,STAT_SA,STAT_SA,LOCK_EF,PRCH_EF,PRCH_EF,Match
STAT_S,STAT_S,STAT_SA,STAT_S,STAT_S,PRCH_EF,IDX_EF,IDX_EF,Match
STAT_EF,STAT_EF,STAT_S,STAT_EF,STAT_EF,IDX_EF,PCEF_F,PCEF_F,Match
LOCK_EF,LOCK_EF,STAT_EF,LOCK_EF,LOCK_EF,PCEF_F,IMP_EF,IMP_EF,Match
PRCH_EF,PRCH_EF,LOCK_EF,PRCH_EF,PRCH_EF,IMP_EF,PTA99_EF,PTA99_EF,Match
IDX_EF,IDX_EF,PRCH_EF,IDX_EF,IDX_EF,PTA99_EF,PTACIPEF,PTACIPEF,Match
PCEF_F,PCEF_F,IDX_EF,PCEF_F,PCEF_F,PTACIPEF,PTB_EF,PTB_EF,Match
IMP_EF,IMP_EF,PCEF_F,IMP_EF,IMP_EF,PTB_EF,PTC_EF,PTC_EF,Match
PTA99_EF,PTA99_EF,IMP_EF,PTA99_EF,PTA99_EF,PTC_EF,PTD_EF,PTD_EF,Match
PTACIPEF,PTACIPEF,PTA99_EF,PTACIPEF,PTACIPEF,PTD_EF,STAT_F,STAT_F,Match
PTB_EF,PTB_EF,PTACIPEF,PTB_EF,PTB_EF,STAT_F,LOCK_F,LOCK_F,Match
PTC_EF,PTC_EF,PTB_EF,PTC_EF,PTC_EF,LOCK_F,PRCH_F,PRCH_F,Match
PTD_EF,PTD_EF,PTC_EF,PTD_EF,PTD_EF,PRCH_F,IDX_F,IDX_F,Match
STAT_F,STAT_F,PTD_EF,STAT_F,STAT_F,IDX_F,PCF_F,PCF_F,Match
LOCK_F,LOCK_F,STAT_F,LOCK_F,LOCK_F,PCF_F,PRCHTP_F,PRCHTP_F,Match
PRCH_F,PRCH_F,LOCK_F,PRCH_F,PRCH_F,PRCHTP_F,IMP_F,IMP_F,Match
IDX_F,IDX_F,PRCH_F,IDX_F,IDX_F,IMP_F,FORM_F,FORM_F,Match
PCF_F,PCF_F,IDX_F,PCF_F,PCF_F,FORM_F,FYBEG,FYBEG,Match
PRCHTP_F,PRCHTP_F,PCF_F,PRCHTP_F,PRCHTP_F,FYBEG,FYEND,FYEND,Match
IMP_F,IMP_F,PRCHTP_F,IMP_F,IMP_F,FYEND,GPFS,GPFS,Match
FORM_F,FORM_F,IMP_F,FORM_F,FORM_F,GPFS,F1GASBAL,F1GASBAL,Match
FYBEG,FYBEG,FORM_F,FYBEG,FYBEG,F1GASBAL,F2PELL,F2PELL,Match
FYEND,FYEND,FYBEG,FYEND,FYEND,F2PELL,F3PELL,F3PELL,Match
GPFS,GPFS,FYEND,GPFS,GPFS,F3PELL,F_ATHLTC,F_ATHLTC,Match
F1GASBAL,F1GASBAL,GPFS,F1GASBAL,F1GASBAL,F_ATHLTC,F3BIST,F3BIST,Match
F2PELL,F2PELL,F1GASBAL,F2PELL,F2PELL,F3BIST,STAT_AL,STAT_AL,Match
F3PELL,F3PELL,F2PELL,F3PELL,F3PELL,STAT_AL,LOCK_AL,LOCK_AL,Match
FCOLATHL,FCOLATHL,F3PELL,F_ATHLTC,F_ATHLTC,LOCK_AL,PRCH_AL,PRCH_AL,Match
F_ATHEX1,F_ATHEX1,F_ATHLTC,F_ATHRV1,F3BIST,PRCH_AL,IDX_AL,IDX_AL,Match
F_ATHEX2,F_ATHEX2,F_ATHRV1,F_ATHRV2,STAT_AL,IDX_AL,PCAL_F,PCAL_F,Match
F_ATHEX9,F_ATHEX9,F_ATHRV2,F_ATHRV3,LOCK_AL,PCAL_F,IMP_AL,IMP_AL,Match
F_ATHRV,F_ATHRV,F_ATHRV3,F_ATHRV9,PRCH_AL,IMP_AL,HASAL,HASAL,Match
F_ATHRV1,F_ATHRV1,F_ATHRV9,F3BIST,IDX_AL,HASAL,NTRLDSTR,NTRLDSTR,Match
F_ATHRV2,F_ATHRV2,F3BIST,STAT_AL,PCAL_F,NTRLDSTR,REV_IC,REV_IC,Match
F_ATHRV9,F_ATHRV9,STAT_AL,LOCK_AL,IMP_AL,REV_IC,REV_C,REV_C,Match
F3BIST,F3BIST,LOCK_AL,PRCH_AL,HASAL,REV_C,REV_E12,REV_E12,Match
STAT_AL,STAT_AL,PRCH_AL,IDX_AL,NTRLDSTR,REV_E12,REV_SFA,REV_SFA,Match
LOCK_AL,LOCK_AL,IDX_AL,PCAL_F,REV_IC,REV_SFA,REV_GR,REV_GR,Match
PRCH_AL,PRCH_AL,PCAL_F,IMP_AL,REV_C,REV_GR,REV_GR2,REV_GR2,Match
IDX_AL,IDX_AL,IMP_AL,HASAL,REV_E12,REV_GR2,REV_OM,REV_OM,Match
PCAL_F,PCAL_F,HASAL,NTRLDSTR,REV_SFA,REV_OM,REV_ADM,REV_ADM,Match
IMP_AL,IMP_AL,NTRLDSTR,REV_IC,REV_GR,REV_ADM,REV_HR,REV_HR,Match
HASAL,HASAL,REV_IC,REV_C,REV_GR2,REV_HR,REV_EF,REV_EF,Match
NTRLDSTR,NTRLDSTR,REV_C,REV_E12,REV_OM,REV_EF,REV_F,REV_F,Match
UNITID,REV_IC,REV_E12,REV_SFA,REV_ADM,REV_F,REV_AL  ,REV_AL  ,Match
PEO1ISTR,REV_C,REV_SFA,REV_GR,REV_HR,REV_AL  ,UNITID,UNITID,Match
PEO2ISTR,REV_E12,REV_GR,REV_GR2,REV_EF,UNITID,PEO1ISTR,PEO1ISTR,Match
PEO3ISTR,REV_SFA,REV_GR2,REV_OM,REV_F,PEO1ISTR,PEO2ISTR,PEO2ISTR,Match
PEO4ISTR,REV_GR,REV_OM,REV_ADM,REV_AL  ,PEO2ISTR,PEO3ISTR,PEO3ISTR,Match
PEO5ISTR,REV_GR2,REV_ADM,REV_HR,UNITID,PEO3ISTR,PEO4ISTR,PEO4ISTR,Match
PEO6ISTR,REV_OM,REV_HR,REV_EF,PEO1ISTR,PEO4ISTR,PEO5ISTR,PEO5ISTR,Match
PEO7ISTR,REV_ADM,REV_EF,REV_F,PEO2ISTR,PEO5ISTR,PEO6ISTR,PEO6ISTR,Match
CNTLAFFI,REV_HR,REV_F,REV_AL  ,PEO3ISTR,PEO6ISTR,CNTLAFFI,CNTLAFFI,Match
PUBPRIME,REV_EF,REV_AL  ,UNITID,PEO4ISTR,CNTLAFFI,PUBPRIME,PUBPRIME,Match
PUBSECON,REV_F,UNITID,PEO1ISTR,PEO5ISTR,PUBPRIME,PUBSECON,PUBSECON,Match
RELAFFIL,REV_AL  ,PEO1ISTR,PEO2ISTR,PEO6ISTR,PUBSECON,RELAFFIL,RELAFFIL,Match
LEVEL1,UNITID,PEO2ISTR,PEO3ISTR,CNTLAFFI,RELAFFIL,LEVEL1,LEVEL1,Match
LEVEL1A,PEO1ISTR,PEO3ISTR,PEO4ISTR,PUBPRIME,LEVEL1,LEVEL2,LEVEL2,Match
LEVEL1B,PEO2ISTR,PEO4ISTR,PEO5ISTR,PUBSECON,LEVEL2,LEVEL3,LEVEL3,Match
LEVEL2,PEO3ISTR,PEO5ISTR,PEO6ISTR,RELAFFIL,LEVEL3,LEVEL4,LEVEL4,Match
LEVEL3,PEO4ISTR,PEO6ISTR,CNTLAFFI,LEVEL1,LEVEL4,LEVEL5,LEVEL5,Match
LEVEL4,PEO5ISTR,CNTLAFFI,PUBPRIME,LEVEL2,LEVEL5,LEVEL6,LEVEL6,Match
LEVEL5,PEO6ISTR,PUBPRIME,PUBSECON,LEVEL3,LEVEL6,LEVEL7,LEVEL7,Match
LEVEL6,PEO7ISTR,PUBSECON,RELAFFIL,LEVEL4,LEVEL7,LEVEL8,LEVEL8,Match
LEVEL7,CNTLAFFI,RELAFFIL,LEVEL1,LEVEL5,LEVEL8,LEVEL12,LEVEL12,Match
LEVEL8,PUBPRIME,LEVEL1,LEVEL1A,LEVEL6,LEVEL12,LEVEL17,LEVEL17,Match
LEVEL12,PUBSECON,LEVEL1A,LEVEL1B,LEVEL7,LEVEL17,LEVEL18,LEVEL18,Match
LEVEL17,RELAFFIL,LEVEL1B,LEVEL2,LEVEL8,LEVEL18,LEVEL19,LEVEL19,Match
LEVEL18,LEVEL1,LEVEL2,LEVEL3,LEVEL12,LEVEL19,CALSYS,CALSYS,Match
LEVEL19,LEVEL1A,LEVEL3,LEVEL4,LEVEL17,CALSYS,FT_UG,FT_UG,Match
CALSYS,LEVEL1B,LEVEL4,LEVEL5,LEVEL18,FT_UG,FT_FTUG,FT_FTUG,Match
FT_UG,LEVEL2,LEVEL5,LEVEL6,LEVEL19,FT_FTUG,FTGDNIDP,FTGDNIDP,Match
FT_FTUG,LEVEL3,LEVEL6,LEVEL7,CALSYS,FTGDNIDP,PT_UG,PT_UG,Match
FTGDNIDP,LEVEL4,LEVEL7,LEVEL8,FT_UG,PT_UG,PT_FTUG,PT_FTUG,Match
PT_UG,LEVEL5,LEVEL8,LEVEL12,FT_FTUG,PT_FTUG,PTGDNIDP,PTGDNIDP,Match
PT_FTUG,LEVEL6,LEVEL12,LEVEL17,FTGDNIDP,PTGDNIDP,DOCPP,DOCPP,Match
PTGDNIDP,LEVEL7,LEVEL17,LEVEL18,PT_UG,DOCPP,DOCPPSP,DOCPPSP,Match
DOCPP,LEVEL8,LEVEL18,LEVEL19,PT_FTUG,DOCPPSP,OPENADMP,OPENADMP,Match
DOCPPSP,LEVEL12,LEVEL19,CALSYS,PTGDNIDP,OPENADMP,VET1,VET1,Match
OPENADMP,LEVEL17,CALSYS,FT_UG,DOCPP,VET1,VET2,VET2,Match
NONCRDT1,LEVEL18,FT_UG,FT_FTUG,DOCPPSP,VET2,VET3,VET3,Match
NONCRDT2,LEVEL19,FT_FTUG,FTGDNIDP,OPENADMP,VET3,VET4,VET4,Match
NONCRDT3,CALSYS,FTGDNIDP,PT_UG,VET1,VET4,VET5,VET5,Match
NONCRDT4,FT_UG,PT_UG,PT_FTUG,VET2,VET5,VET9,VET9,Match
NONCRDT5,FT_FTUG,PT_FTUG,PTGDNIDP,VET3,VET9,CREDITS1,CREDITS1,Match
NONCRDT6,FTGDNIDP,PTGDNIDP,DOCPP,VET4,CREDITS1,CREDITS2,CREDITS2,Match
NONCRDT7,PT_UG,DOCPP,DOCPPSP,VET5,CREDITS2,CREDITS3,CREDITS3,Match
NONCRDT8,PT_FTUG,DOCPPSP,OPENADMP,VET9,CREDITS3,CREDITS4,CREDITS4,Match
NONCRDT9,PTGDNIDP,OPENADMP,VET1,CREDITS1,CREDITS4,SLO5,SLO5,Match
ENRHSST,DOCPP,VET1,VET2,CREDITS2,SLO5,SLO51,SLO51,Match
ENRHSST1,DOCPPSP,VET2,VET3,CREDITS3,SLO51,SLO52,SLO52,Match
ENRHSST2,OPENADMP,VET3,VET4,CREDITS4,SLO52,SLO53,SLO53,Match
VET1,NONCRDT1,VET4,VET5,SLO5,SLO53,SLO6,SLO6,Match
VET2,NONCRDT2,VET5,VET9,SLO51,SLO6,SLO7,SLO7,Match
VET3,NONCRDT3,VET9,CREDITS1,SLO52,SLO7,SLO8,SLO8,Match
VET4,NONCRDT4,CREDITS1,CREDITS2,SLO53,SLO8,SLO81,SLO81,Match
VET5,NONCRDT5,CREDITS2,CREDITS3,SLO6,SLO81,SLO82,SLO82,Match
VET9,NONCRDT6,CREDITS3,CREDITS4,SLO7,SLO82,SLO83,SLO83,Match
CREDITS2,NONCRDT7,CREDITS4,SLO5,SLO8,SLO83,SLO9,SLO9,Match
CREDITS3,NONCRDT8,SLO5,SLO51,SLO81,SLO9,YRSCOLL,YRSCOLL,Match
CREDITS4,NONCRDT9,SLO51,SLO52,SLO82,YRSCOLL,STUSRV1,STUSRV1,Match
SLO5,VET1,SLO52,SLO53,SLO83,STUSRV1,STUSRV2,STUSRV2,Match
SLO51,VET2,SLO53,SLO6,SLO9,STUSRV2,STUSRV3,STUSRV3,Match
SLO52,VET3,SLO6,SLO7,YRSCOLL,STUSRV3,STUSRV4,STUSRV4,Match
SLO521,VET4,SLO7,SLO8,STUSRV1,STUSRV4,STUSRV8,STUSRV8,Match
SLO53,VET5,SLO8,SLO81,STUSRV2,STUSRV8,STUSRV9,STUSRV9,Match
SLO6,VET9,SLO81,SLO82,STUSRV3,STUSRV9,LIBRES1,LIBRES1,Match
SLO7,CREDITS1,SLO82,SLO83,STUSRV4,LIBRES1,LIBRES2,LIBRES2,Match
SLO8,CREDITS2,SLO83,SLO9,STUSRV8,LIBRES2,LIBRES3,LIBRES3,Match
SLO81,CREDITS3,SLO9,YRSCOLL,STUSRV9,LIBRES3,LIBRES4,LIBRES4,Match
SLO82,CREDITS4,YRSCOLL,STUSRV1,LIBRES1,LIBRES4,LIBRES5,LIBRES5,Match
SLO83,SLO5,STUSRV1,STUSRV2,LIBRES2,LIBRES5,LIBRES6,LIBRES6,Match
SLO9,SLO51,STUSRV2,STUSRV3,LIBRES3,LIBRES6,LIBRES9,LIBRES9,Match
SLOA,SLO52,STUSRV3,STUSRV4,LIBRES4,LIBRES9,TUITPL,TUITPL,Match
SLOB,SLO521,STUSRV4,STUSRV8,LIBRES5,TUITPL,TUITPL1,TUITPL1,Match
YRSCOLL,SLO53,STUSRV8,STUSRV9,LIBRES6,TUITPL1,TUITPL2,TUITPL2,Match
STUSRV2,SLO6,STUSRV9,LIBRES1,LIBRES9,TUITPL2,TUITPL3,TUITPL3,Match
STUSRV3,SLO7,LIBRES1,LIBRES2,TUITPL,TUITPL3,TUITPL4,TUITPL4,Match
STUSRV4,SLOA,LIBRES2,LIBRES3,TUITPL1,TUITPL4,DSTNUGC,DISTCRS,No Match
STUSRV8,SLO8,LIBRES3,LIBRES4,TUITPL2,DSTNUGC,DSTNUGP,DISTNCED,No Match
STUSRV9,SLO81,LIBRES4,LIBRES5,TUITPL3,DSTNUGP,DSTNUGN,DSTNCED1,No Match
LIBRES1,SLO82,LIBRES5,LIBRES6,TUITPL4,DSTNUGN,DSTNGC,DSTNCED2,No Match
LIBRES2,SLO83,LIBRES6,LIBRES9,DSTNUGC,DSTNGC,DSTNGP,DSTNCED3,No Match
LIBRES3,SLOB,LIBRES9,TUITPL,DSTNUGP,DSTNGP,DSTNGN,DISAB,No Match
LIBRES4,SLO9,TUITPL,TUITPL1,DSTNUGN,DSTNGN,DISTCRS,XDISABPC,No Match
LIBRES5,YRSCOLL,TUITPL1,TUITPL2,DSTNGC,DISTCRS,DISTPGS,DISABPCT,No Match
LIBRES6,STUSRV2,TUITPL2,TUITPL3,DSTNGP,DISTPGS,DSTNCED1,ALLONCAM,No Match
LIBRES9,STUSRV3,TUITPL3,TUITPL4,DSTNGN,DSTNCED1,DSTNCED2,TUITVARY,No Match
TUITPL,STUSRV4,TUITPL4,DSTNUGC,DISTCRS,DSTNCED2,DSTNCED3,ROOM,No Match
TUITPL1,STUSRV8,DSTNUGC,DSTNUGP,DISTPGS,DSTNCED3,DISTNCED,XROOMCAP,No Match
TUITPL2,STUSRV9,DSTNUGP,DSTNUGN,DSTNCED1,DISTNCED,DISAB,ROOMCAP,No Match
TUITPL3,LIBRES1,DSTNUGN,DSTNGC,DSTNCED2,DISAB,XDISABPC,BOARD,No Match
TUITPL4,LIBRES2,DSTNGC,DSTNGP,DSTNCED3,XDISABPC,DISABPCT,XMEALSWK,No Match
PRMPGM,LIBRES3,DSTNGP,DSTNGN,DISTNCED,DISABPCT,ALLONCAM,MEALSWK,No Match
DSTNUGC,LIBRES4,DSTNGN,DISTCRS,DISAB,ALLONCAM,TUITVARY,XROOMAMT,No Match
DSTNUGP,LIBRES5,DISTCRS,DISTPGS,XDISABPC,TUITVARY,ROOM,ROOMAMT,No Match
DSTNUGN,LIBRES6,DISTPGS,DSTNCED1,DISABPCT,ROOM,XROOMCAP,XBORDAMT,No Match
DSTNGC,LIBRES9,DSTNCED1,DSTNCED2,ALLONCAM,XROOMCAP,ROOMCAP,BOARDAMT,No Match
DSTNGP,TUITPL,DSTNCED2,DSTNCED3,TUITVARY,ROOMCAP,BOARD,XRMBDAMT,No Match
DSTNGN,TUITPL1,DSTNCED3,DISTNCED,ROOM,BOARD,XMEALSWK,RMBRDAMT,No Match
DISTCRS,TUITPL2,DISTNCED,DISAB,XROOMCAP,XMEALSWK,MEALSWK,XAPPFEEU,No Match
DISTPGS,TUITPL3,DISAB,XDISABPC,ROOMCAP,MEALSWK,XROOMAMT,APPLFEEU,No Match
DSTNCED1,TUITPL4,XDISABPC,DISABPCT,BOARD,XROOMAMT,ROOMAMT,XAPPFEEG,No Match
DSTNCED2,PRMPGM,DISABPCT,ALLONCAM,XMEALSWK,ROOMAMT,XBORDAMT,APPLFEEG,No Match
DSTNCED3,DSTNUGC,ALLONCAM,TUITVARY,MEALSWK,XBORDAMT,BOARDAMT,ATHASSOC,No Match
DISTNCED,DSTNUGP,TUITVARY,ROOM,XROOMAMT,BOARDAMT,XRMBDAMT,ASSOC1,No Match
DISAB,DSTNUGN,ROOM,XROOMCAP,ROOMAMT,XRMBDAMT,RMBRDAMT,ASSOC2,No Match
XDISABPC,DSTNGC,XROOMCAP,ROOMCAP,XBORDAMT,RMBRDAMT,XAPPFEEU,ASSOC3,No Match
DISABPCT,DSTNGP,ROOMCAP,BOARD,BOARDAMT,XAPPFEEU,APPLFEEU,ASSOC4,No Match
ALLONCAM,DSTNGN,BOARD,XMEALSWK,XRMBDAMT,APPLFEEU,XAPPFEEG,ASSOC5,No Match
TUITVARY,DISTCRS,XMEALSWK,MEALSWK,RMBRDAMT,XAPPFEEG,APPLFEEG,ASSOC6,No Match
ROOM,DISTPGS,MEALSWK,XROOMAMT,XAPPFEEU,APPLFEEG,ATHASSOC,SPORT1,No Match
XROOMCAP,DSTNCED1,XROOMAMT,ROOMAMT,APPLFEEU,ATHASSOC,ASSOC1,CONFNO1,No Match
ROOMCAP,DSTNCED2,ROOMAMT,XBORDAMT,XAPPFEEG,ASSOC1,ASSOC2,SPORT2,No Match
BOARD,DSTNCED3,XBORDAMT,BOARDAMT,APPLFEEG,ASSOC2,ASSOC3,CONFNO2,No Match
XMEALSWK,DISTNCED,BOARDAMT,XRMBDAMT,ATHASSOC,ASSOC3,ASSOC4,SPORT3,No Match
MEALSWK,DISAB,XRMBDAMT,RMBRDAMT,ASSOC1,ASSOC4,ASSOC5,CONFNO3,No Match
XROOMAMT,XDISABPC,RMBRDAMT,XAPPFEEU,ASSOC2,ASSOC5,ASSOC6,SPORT4,No Match
ROOMAMT,DISABPCT,XAPPFEEU,APPLFEEU,ASSOC3,ASSOC6,SPORT1,CONFNO4 ,No Match
XBORDAMT,ALLONCAM,APPLFEEU,XAPPFEEG,ASSOC4,SPORT1,CONFNO1,UNITID,No Match
BOARDAMT,TUITVARY,XAPPFEEG,APPLFEEG,ASSOC5,CONFNO1,SPORT2,XTUIT1,No Match
XRMBDAMT,ROOM,APPLFEEG,ATHASSOC,ASSOC6,SPORT2,CONFNO2,TUITION1,No Match
RMBRDAMT,XROOMCAP,ATHASSOC,ASSOC1,SPORT1,CONFNO2,SPORT3,XFEE1,No Match
XAPPFEEU,ROOMCAP,ASSOC1,ASSOC2,CONFNO1,SPORT3,CONFNO3,FEE1,No Match
APPLFEEU,BOARD,ASSOC2,ASSOC3,SPORT2,CONFNO3,SPORT4,XHRCHG1,No Match
XAPPFEEG,XMEALSWK,ASSOC3,ASSOC4,CONFNO2,SPORT4,CONFNO4 ,HRCHG1,No Match
APPLFEEG,MEALSWK,ASSOC4,ASSOC5,SPORT3,CONFNO4 ,UNITID,XTUIT2,No Match
ATHASSOC,XROOMAMT,ASSOC5,ASSOC6,CONFNO3,UNITID,XTUIT1,TUITION2,No Match
ASSOC1,ROOMAMT,ASSOC6,SPORT1,SPORT4,XTUIT1,TUITION1,XFEE2,No Match
ASSOC2,XBORDAMT,SPORT1,CONFNO1,CONFNO4 ,TUITION1,XFEE1,FEE2,No Match
ASSOC3,BOARDAMT,CONFNO1,SPORT2,UNITID,XFEE1,FEE1,XHRCHG2,No Match
ASSOC4,XRMBDAMT,SPORT2,CONFNO2,XTUIT1,FEE1,XHRCHG1,HRCHG2,No Match
ASSOC5,RMBRDAMT,CONFNO2,SPORT3,TUITION1,XHRCHG1,HRCHG1,XTUIT3,No Match
ASSOC6,XAPPFEEU,SPORT3,CONFNO3,XFEE1,HRCHG1,XTUIT2,TUITION3,No Match
SPORT1,APPLFEEU,CONFNO3,SPORT4,FEE1,XTUIT2,TUITION2,XFEE3,No Match
CONFNO1,XAPPFEEG,SPORT4,CONFNO4 ,XHRCHG1,TUITION2,XFEE2,FEE3,No Match
SPORT2,APPLFEEG,CONFNO4 ,UNITID,HRCHG1,XFEE2,FEE2,XHRCHG3,No Match
CONFNO2,ATHASSOC,UNITID,XTUIT1,XTUIT2,FEE2,XHRCHG2,HRCHG3,No Match
SPORT3,ASSOC1,XTUIT1,TUITION1,TUITION2,XHRCHG2,HRCHG2,XTUIT5,No Match
CONFNO3,ASSOC2,TUITION1,XFEE1,XFEE2,HRCHG2,XTUIT3,TUITION5,No Match
SPORT4,ASSOC3,XFEE1,FEE1,FEE2,XTUIT3,TUITION3,XFEE5,No Match
CONFNO4 ,ASSOC4,FEE1,XHRCHG1,XHRCHG2,TUITION3,XFEE3,FEE5,No Match
UNITID,ASSOC5,XHRCHG1,HRCHG1,HRCHG2,XFEE3,FEE3,XHRCHG5,No Match
XTUIT1,ASSOC6,HRCHG1,XTUIT2,XTUIT3,FEE3,XHRCHG3,HRCHG5,No Match
TUITION1,SPORT1,XTUIT2,TUITION2,TUITION3,XHRCHG3,HRCHG3,XTUIT6,No Match
XFEE1,CONFNO1,TUITION2,XFEE2,XFEE3,HRCHG3,XTUIT5,TUITION6,No Match
FEE1,SPORT2,XFEE2,FEE2,FEE3,XTUIT5,TUITION5,XFEE6,No Match
XHRCHG1,CONFNO2,FEE2,XHRCHG2,XHRCHG3,TUITION5,XFEE5,FEE6,No Match
HRCHG1,SPORT3,XHRCHG2,HRCHG2,HRCHG3,XFEE5,FEE5,XHRCHG6,No Match
XTUIT2,CONFNO3,HRCHG2,XTUIT3,XTUIT5,FEE5,XHRCHG5,HRCHG6,No Match
TUITION2,SPORT4,XTUIT3,TUITION3,TUITION5,XHRCHG5,HRCHG5,XTUIT7,No Match
XFEE2,CONFNO4 ,TUITION3,XFEE3,XFEE5,HRCHG5,XTUIT6,TUITION7,No Match
FEE2,UNITID,XFEE3,FEE3,FEE5,XTUIT6,TUITION6,XFEE7,No Match
XHRCHG2,XTUIT1,FEE3,XHRCHG3,XHRCHG5,TUITION6,XFEE6,FEE7,No Match
HRCHG2,TUITION1,XHRCHG3,HRCHG3,HRCHG5,XFEE6,FEE6,XHRCHG7,No Match
XTUIT3,XFEE1,HRCHG3,XTUIT5,XTUIT6,FEE6,XHRCHG6,HRCHG7,No Match
TUITION3,FEE1,XTUIT5,TUITION5,TUITION6,XHRCHG6,HRCHG6,XISPRO1,No Match
XFEE3,XHRCHG1,TUITION5,XFEE5,XFEE6,HRCHG6,XTUIT7,ISPROF1,No Match
FEE3,HRCHG1,XFEE5,FEE5,FEE6,XTUIT7,TUITION7,XISPFE1,No Match
XHRCHG3,XTUIT2,FEE5,XHRCHG5,XHRCHG6,TUITION7,XFEE7,ISPFEE1,No Match
HRCHG3,TUITION2,XHRCHG5,HRCHG5,HRCHG6,XFEE7,FEE7,XOSPRO1,No Match
XTUIT5,XFEE2,HRCHG5,XTUIT6,XTUIT7,FEE7,XHRCHG7,OSPROF1,No Match
TUITION5,FEE2,XTUIT6,TUITION6,TUITION7,XHRCHG7,HRCHG7,XOSPFE1,No Match
XFEE5,XHRCHG2,TUITION6,XFEE6,XFEE7,HRCHG7,XISPRO1,OSPFEE1,No Match
FEE5,HRCHG2,XFEE6,FEE6,FEE7,XISPRO1,ISPROF1,XISPRO2,No Match
XHRCHG5,XTUIT3,FEE6,XHRCHG6,XHRCHG7,ISPROF1,XISPFE1,ISPROF2,No Match
HRCHG5,TUITION3,XHRCHG6,HRCHG6,HRCHG7,XISPFE1,ISPFEE1,XISPFE2,No Match
XTUIT6,XFEE3,HRCHG6,XTUIT7,XISPRO1,ISPFEE1,XOSPRO1,ISPFEE2,No Match
TUITION6,FEE3,XTUIT7,TUITION7,ISPROF1,XOSPRO1,OSPROF1,XOSPRO2,No Match
XFEE6,XHRCHG3,TUITION7,XFEE7,XISPFE1,OSPROF1,XOSPFE1,OSPROF2,No Match
FEE6,HRCHG3,XFEE7,FEE7,ISPFEE1,XOSPFE1,OSPFEE1,XOSPFE2,No Match
XHRCHG6,XTUIT5,FEE7,XHRCHG7,XOSPRO1,OSPFEE1,XISPRO2,OSPFEE2,No Match
HRCHG6,TUITION5,XHRCHG7,HRCHG7,OSPROF1,XISPRO2,ISPROF2,XISPRO3,No Match
XTUIT7,XFEE5,HRCHG7,XISPRO1,XOSPFE1,ISPROF2,XISPFE2,ISPROF3,No Match
TUITION7,FEE5,XISPRO1,ISPROF1,OSPFEE1,XISPFE2,ISPFEE2,XISPFE3,No Match
XFEE7,XHRCHG5,ISPROF1,XISPFE1,XISPRO2,ISPFEE2,XOSPRO2,ISPFEE3,No Match
FEE7,HRCHG5,XISPFE1,ISPFEE1,ISPROF2,XOSPRO2,OSPROF2,XOSPRO3,No Match
XHRCHG7,XTUIT6,ISPFEE1,XOSPRO1,XISPFE2,OSPROF2,XOSPFE2,OSPROF3,No Match
HRCHG7,TUITION6,XOSPRO1,OSPROF1,ISPFEE2,XOSPFE2,OSPFEE2,XOSPFE3,No Match
XISPRO1,XFEE6,OSPROF1,XOSPFE1,XOSPRO2,OSPFEE2,XISPRO3,OSPFEE3,No Match
ISPROF1,FEE6,XOSPFE1,OSPFEE1,OSPROF2,XISPRO3,ISPROF3,XISPRO4,No Match
XISPFE1,XHRCHG6,OSPFEE1,XISPRO2,XOSPFE2,ISPROF3,XISPFE3,ISPROF4,No Match
ISPFEE1,HRCHG6,XISPRO2,ISPROF2,OSPFEE2,XISPFE3,ISPFEE3,XISPFE4,No Match
XOSPRO1,XTUIT7,ISPROF2,XISPFE2,XISPRO3,ISPFEE3,XOSPRO3,ISPFEE4,No Match
OSPROF1,TUITION7,XISPFE2,ISPFEE2,ISPROF3,XOSPRO3,OSPROF3,XOSPRO4,No Match
XOSPFE1,XFEE7,ISPFEE2,XOSPRO2,XISPFE3,OSPROF3,XOSPFE3,OSPROF4,No Match
OSPFEE1,FEE7,XOSPRO2,OSPROF2,ISPFEE3,XOSPFE3,OSPFEE3,XOSPFE4,No Match
XISPRO2,XHRCHG7,OSPROF2,XOSPFE2,XOSPRO3,OSPFEE3,XISPRO4,OSPFEE4,No Match
ISPROF2,HRCHG7,XOSPFE2,OSPFEE2,OSPROF3,XISPRO4,ISPROF4,XISPRO5,No Match
XISPFE2,XISPRO1,OSPFEE2,XISPRO3,XOSPFE3,ISPROF4,XISPFE4,ISPROF5,No Match
ISPFEE2,ISPROF1,XISPRO3,ISPROF3,OSPFEE3,XISPFE4,ISPFEE4,XISPFE5,No Match
XOSPRO2,XISPFE1,ISPROF3,XISPFE3,XISPRO4,ISPFEE4,XOSPRO4,ISPFEE5,No Match
OSPROF2,ISPFEE1,XISPFE3,ISPFEE3,ISPROF4,XOSPRO4,OSPROF4,XOSPRO5,No Match
XOSPFE2,XOSPRO1,ISPFEE3,XOSPRO3,XISPFE4,OSPROF4,XOSPFE4,OSPROF5,No Match
OSPFEE2,OSPROF1,XOSPRO3,OSPROF3,ISPFEE4,XOSPFE4,OSPFEE4,XOSPFE5,No Match
XISPRO3,XOSPFE1,OSPROF3,XOSPFE3,XOSPRO4,OSPFEE4,XISPRO5,OSPFEE5,No Match
ISPROF3,OSPFEE1,XOSPFE3,OSPFEE3,OSPROF4,XISPRO5,ISPROF5,XISPRO6,No Match
XISPFE3,XISPRO2,OSPFEE3,XISPRO4,XOSPFE4,ISPROF5,XISPFE5,ISPROF6,No Match
ISPFEE3,ISPROF2,XISPRO4,ISPROF4,OSPFEE4,XISPFE5,ISPFEE5,XISPFE6,No Match
XOSPRO3,XISPFE2,ISPROF4,XISPFE4,XISPRO5,ISPFEE5,XOSPRO5,ISPFEE6,No Match
OSPROF3,ISPFEE2,XISPFE4,ISPFEE4,ISPROF5,XOSPRO5,OSPROF5,XOSPRO6,No Match
XOSPFE3,XOSPRO2,ISPFEE4,XOSPRO4,XISPFE5,OSPROF5,XOSPFE5,OSPROF6,No Match
OSPFEE3,OSPROF2,XOSPRO4,OSPROF4,ISPFEE5,XOSPFE5,OSPFEE5,XOSPFE6,No Match
XISPRO4,XOSPFE2,OSPROF4,XOSPFE4,XOSPRO5,OSPFEE5,XISPRO6,OSPFEE6,No Match
ISPROF4,OSPFEE2,XOSPFE4,OSPFEE4,OSPROF5,XISPRO6,ISPROF6,XISPRO7,No Match
XISPFE4,XISPRO3,OSPFEE4,XISPRO5,XOSPFE5,ISPROF6,XISPFE6,ISPROF7,No Match
ISPFEE4,ISPROF3,XISPRO5,ISPROF5,OSPFEE5,XISPFE6,ISPFEE6,XISPFE7,No Match
XOSPRO4,XISPFE3,ISPROF5,XISPFE5,XISPRO6,ISPFEE6,XOSPRO6,ISPFEE7,No Match
OSPROF4,ISPFEE3,XISPFE5,ISPFEE5,ISPROF6,XOSPRO6,OSPROF6,XOSPRO7,No Match
XOSPFE4,XOSPRO3,ISPFEE5,XOSPRO5,XISPFE6,OSPROF6,XOSPFE6,OSPROF7,No Match
OSPFEE4,OSPROF3,XOSPRO5,OSPROF5,ISPFEE6,XOSPFE6,OSPFEE6,XOSPFE7,No Match
XISPRO5,XOSPFE3,OSPROF5,XOSPFE5,XOSPRO6,OSPFEE6,XISPRO7,OSPFEE7,No Match
ISPROF5,OSPFEE3,XOSPFE5,OSPFEE5,OSPROF6,XISPRO7,ISPROF7,XISPRO8,No Match
XISPFE5,XISPRO4,OSPFEE5,XISPRO6,XOSPFE6,ISPROF7,XISPFE7,ISPROF8,No Match
ISPFEE5,ISPROF4,XISPRO6,ISPROF6,OSPFEE6,XISPFE7,ISPFEE7,XISPFE8,No Match
XOSPRO5,XISPFE4,ISPROF6,XISPFE6,XISPRO7,ISPFEE7,XOSPRO7,ISPFEE8,No Match
OSPROF5,ISPFEE4,XISPFE6,ISPFEE6,ISPROF7,XOSPRO7,OSPROF7,XOSPRO8,No Match
XOSPFE5,XOSPRO4,ISPFEE6,XOSPRO6,XISPFE7,OSPROF7,XOSPFE7,OSPROF8,No Match
OSPFEE5,OSPROF4,XOSPRO6,OSPROF6,ISPFEE7,XOSPFE7,OSPFEE7,XOSPFE8,No Match
XISPRO6,XOSPFE4,OSPROF6,XOSPFE6,XOSPRO7,OSPFEE7,XISPRO8,OSPFEE8,No Match
ISPROF6,OSPFEE4,XOSPFE6,OSPFEE6,OSPROF7,XISPRO8,ISPROF8,XISPRO9,No Match
XISPFE6,XISPRO5,OSPFEE6,XISPRO7,XOSPFE7,ISPROF8,XISPFE8,ISPROF9,No Match
ISPFEE6,ISPROF5,XISPRO7,ISPROF7,OSPFEE7,XISPFE8,ISPFEE8,XISPFE9,No Match
XOSPRO6,XISPFE5,ISPROF7,XISPFE7,XISPRO8,ISPFEE8,XOSPRO8,ISPFEE9,No Match
OSPROF6,ISPFEE5,XISPFE7,ISPFEE7,ISPROF8,XOSPRO8,OSPROF8,XOSPRO9,No Match
XOSPFE6,XOSPRO5,ISPFEE7,XOSPRO7,XISPFE8,OSPROF8,XOSPFE8,OSPROF9,No Match
OSPFEE6,OSPROF5,XOSPRO7,OSPROF7,ISPFEE8,XOSPFE8,OSPFEE8,XOSPFE9,No Match
XISPRO7,XOSPFE5,OSPROF7,XOSPFE7,XOSPRO8,OSPFEE8,XISPRO9,OSPFEE9,No Match
ISPROF7,OSPFEE5,XOSPFE7,OSPFEE7,OSPROF8,XISPRO9,ISPROF9,XCHG1AT0,No Match
XISPFE7,XISPRO6,OSPFEE7,XISPRO8,XOSPFE8,ISPROF9,XISPFE9,CHG1AT0,No Match
ISPFEE7,ISPROF6,XISPRO8,ISPROF8,OSPFEE8,XISPFE9,ISPFEE9,XCHG1AF0,No Match
XOSPRO7,XISPFE6,ISPROF8,XISPFE8,XISPRO9,ISPFEE9,XOSPRO9,CHG1AF0,No Match
OSPROF7,ISPFEE6,XISPFE8,ISPFEE8,ISPROF9,XOSPRO9,OSPROF9,XCHG1AY0,No Match
XOSPFE7,XOSPRO6,ISPFEE8,XOSPRO8,XISPFE9,OSPROF9,XOSPFE9,CHG1AY0,No Match
OSPFEE7,OSPROF6,XOSPRO8,OSPROF8,ISPFEE9,XOSPFE9,OSPFEE9,XCHG1AT1,No Match
XISPRO8,XOSPFE6,OSPROF8,XOSPFE8,XOSPRO9,OSPFEE9,XCHG1AT0,CHG1AT1,No Match
ISPROF8,OSPFEE6,XOSPFE8,OSPFEE8,OSPROF9,XCHG1AT0,CHG1AT0,XCHG1AF1,No Match
XISPFE8,XISPRO7,OSPFEE8,XISPRO9,XOSPFE9,CHG1AT0,XCHG1AF0,CHG1AF1,No Match
ISPFEE8,ISPROF7,XISPRO9,ISPROF9,OSPFEE9,XCHG1AF0,CHG1AF0,XCHG1AY1,No Match
XOSPRO8,XISPFE7,ISPROF9,XISPFE9,XCHG1AT0,CHG1AF0,XCHG1AY0,CHG1AY1,No Match
OSPROF8,ISPFEE7,XISPFE9,ISPFEE9,CHG1AT0,XCHG1AY0,CHG1AY0,XCHG1AT2,No Match
XOSPFE8,XOSPRO7,ISPFEE9,XOSPRO9,XCHG1AF0,CHG1AY0,XCHG1AT1,CHG1AT2,No Match
OSPFEE8,OSPROF7,XOSPRO9,OSPROF9,CHG1AF0,XCHG1AT1,CHG1AT1,XCHG1AF2,No Match
XISPRO9,XOSPFE7,OSPROF9,XOSPFE9,XCHG1AY0,CHG1AT1,XCHG1AF1,CHG1AF2,No Match
ISPROF9,OSPFEE7,XOSPFE9,OSPFEE9,CHG1AY0,XCHG1AF1,CHG1AF1,XCHG1AY2,No Match
XISPFE9,XISPRO8,OSPFEE9,XCHG1AT0,XCHG1AT1,CHG1AF1,XCHG1AY1,CHG1AY2,No Match
ISPFEE9,ISPROF8,XCHG1AT0,CHG1AT0,CHG1AT1,XCHG1AY1,CHG1AY1,XCHG1AT3,No Match
XOSPRO9,XISPFE8,CHG1AT0,XCHG1AF0,XCHG1AF1,CHG1AY1,XCHG1AT2,CHG1AT3,No Match
OSPROF9,ISPFEE8,XCHG1AF0,CHG1AF0,CHG1AF1,XCHG1AT2,CHG1AT2,XCHG1AF3,No Match
XOSPFE9,XOSPRO8,CHG1AF0,XCHG1AY0,XCHG1AY1,CHG1AT2,XCHG1AF2,CHG1AF3,No Match
OSPFEE9,OSPROF8,XCHG1AY0,CHG1AY0,CHG1AY1,XCHG1AF2,CHG1AF2,XCHG1AY3,No Match
XCHG1AT0,XOSPFE8,CHG1AY0,XCHG1AT1,XCHG1AT2,CHG1AF2,XCHG1AY2,CHG1AY3,No Match
CHG1AT0,OSPFEE8,XCHG1AT1,CHG1AT1,CHG1AT2,XCHG1AY2,CHG1AY2,CHG1TGTD,No Match
XCHG1AF0,XISPRO9,CHG1AT1,XCHG1AF1,XCHG1AF2,CHG1AY2,XCHG1AT3,CHG1FGTD,No Match
CHG1AF0,ISPROF9,XCHG1AF1,CHG1AF1,CHG1AF2,XCHG1AT3,CHG1AT3,XCHG2AT0,No Match
XCHG1AY0,XISPFE9,CHG1AF1,XCHG1AY1,XCHG1AY2,CHG1AT3,XCHG1AF3,CHG2AT0,No Match
CHG1AY0,ISPFEE9,XCHG1AY1,CHG1AY1,CHG1AY2,XCHG1AF3,CHG1AF3,XCHG2AF0,No Match
XCHG1AT1,XOSPRO9,CHG1AY1,XCHG1AT2,XCHG1AT3,CHG1AF3,XCHG1AY3,CHG2AF0,No Match
CHG1AT1,OSPROF9,XCHG1AT2,CHG1AT2,CHG1AT3,XCHG1AY3,CHG1AY3,XCHG2AY0,No Match
XCHG1AF1,XOSPFE9,CHG1AT2,XCHG1AF2,XCHG1AF3,CHG1AY3,CHG1TGTD,CHG2AY0,No Match
CHG1AF1,OSPFEE9,XCHG1AF2,CHG1AF2,CHG1AF3,CHG1TGTD,CHG1FGTD,XCHG2AT1,No Match
XCHG1AY1,XCHG1AT0,CHG1AF2,XCHG1AY2,XCHG1AY3,CHG1FGTD,XCHG2AT0,CHG2AT1,No Match
CHG1AY1,CHG1AT0,XCHG1AY2,CHG1AY2,CHG1AY3,XCHG2AT0,CHG2AT0,XCHG2AF1,No Match
XCHG1AT2,XCHG1AF0,CHG1AY2,XCHG1AT3,CHG1TGTD,CHG2AT0,XCHG2AF0,CHG2AF1,No Match
CHG1AT2,CHG1AF0,XCHG1AT3,CHG1AT3,CHG1FGTD,XCHG2AF0,CHG2AF0,XCHG2AY1,No Match
XCHG1AF2,XCHG1AY0,CHG1AT3,XCHG1AF3,XCHG2AT0,CHG2AF0,XCHG2AY0,CHG2AY1,No Match
CHG1AF2,CHG1AY0,XCHG1AF3,CHG1AF3,CHG2AT0,XCHG2AY0,CHG2AY0,XCHG2AT2,No Match
XCHG1AY2,XCHG1AT1,CHG1AF3,XCHG1AY3,XCHG2AF0,CHG2AY0,XCHG2AT1,CHG2AT2,No Match
CHG1AY2,CHG1AT1,XCHG1AY3,CHG1AY3,CHG2AF0,XCHG2AT1,CHG2AT1,XCHG2AF2,No Match
XCHG1AT3,XCHG1AF1,CHG1AY3,CHG1TGTD,XCHG2AY0,CHG2AT1,XCHG2AF1,CHG2AF2,No Match
CHG1AT3,CHG1AF1,CHG1TGTD,CHG1FGTD,CHG2AY0,XCHG2AF1,CHG2AF1,XCHG2AY2,No Match
XCHG1AF3,XCHG1AY1,CHG1FGTD,XCHG2AT0,XCHG2AT1,CHG2AF1,XCHG2AY1,CHG2AY2,No Match
CHG1AF3,CHG1AY1,XCHG2AT0,CHG2AT0,CHG2AT1,XCHG2AY1,CHG2AY1,XCHG2AT3,No Match
XCHG1AY3,XCHG1AT2,CHG2AT0,XCHG2AF0,XCHG2AF1,CHG2AY1,XCHG2AT2,CHG2AT3,No Match
CHG1AY3,CHG1AT2,XCHG2AF0,CHG2AF0,CHG2AF1,XCHG2AT2,CHG2AT2,XCHG2AF3,No Match
CHG1TGTD,XCHG1AF2,CHG2AF0,XCHG2AY0,XCHG2AY1,CHG2AT2,XCHG2AF2,CHG2AF3,No Match
CHG1FGTD,CHG1AF2,XCHG2AY0,CHG2AY0,CHG2AY1,XCHG2AF2,CHG2AF2,XCHG2AY3,No Match
XCHG2AT0,XCHG1AY2,CHG2AY0,XCHG2AT1,XCHG2AT2,CHG2AF2,XCHG2AY2,CHG2AY3,No Match
CHG2AT0,CHG1AY2,XCHG2AT1,CHG2AT1,CHG2AT2,XCHG2AY2,CHG2AY2,CHG2TGTD,No Match
XCHG2AF0,XCHG1AT3,CHG2AT1,XCHG2AF1,XCHG2AF2,CHG2AY2,XCHG2AT3,CHG2FGTD,No Match
CHG2AF0,CHG1AT3,XCHG2AF1,CHG2AF1,CHG2AF2,XCHG2AT3,CHG2AT3,XCHG3AT0,No Match
XCHG2AY0,XCHG1AF3,CHG2AF1,XCHG2AY1,XCHG2AY2,CHG2AT3,XCHG2AF3,CHG3AT0,No Match
CHG2AY0,CHG1AF3,XCHG2AY1,CHG2AY1,CHG2AY2,XCHG2AF3,CHG2AF3,XCHG3AF0,No Match
XCHG2AT1,XCHG1AY3,CHG2AY1,XCHG2AT2,XCHG2AT3,CHG2AF3,XCHG2AY3,CHG3AF0,No Match
CHG2AT1,CHG1AY3,XCHG2AT2,CHG2AT2,CHG2AT3,XCHG2AY3,CHG2AY3,XCHG3AY0,No Match
XCHG2AF1,CHG1TGTD,CHG2AT2,XCHG2AF2,XCHG2AF3,CHG2AY3,CHG2TGTD,CHG3AY0,No Match
CHG2AF1,CHG1FGTD,XCHG2AF2,CHG2AF2,CHG2AF3,CHG2TGTD,CHG2FGTD,XCHG3AT1,No Match
XCHG2AY1,XCHG2AT0,CHG2AF2,XCHG2AY2,XCHG2AY3,CHG2FGTD,XCHG3AT0,CHG3AT1,No Match
CHG2AY1,CHG2AT0,XCHG2AY2,CHG2AY2,CHG2AY3,XCHG3AT0,CHG3AT0,XCHG3AF1,No Match
XCHG2AT2,XCHG2AF0,CHG2AY2,XCHG2AT3,CHG2TGTD,CHG3AT0,XCHG3AF0,CHG3AF1,No Match
CHG2AT2,CHG2AF0,XCHG2AT3,CHG2AT3,CHG2FGTD,XCHG3AF0,CHG3AF0,XCHG3AY1,No Match
XCHG2AF2,XCHG2AY0,CHG2AT3,XCHG2AF3,XCHG3AT0,CHG3AF0,XCHG3AY0,CHG3AY1,No Match
CHG2AF2,CHG2AY0,XCHG2AF3,CHG2AF3,CHG3AT0,XCHG3AY0,CHG3AY0,XCHG3AT2,No Match
XCHG2AY2,XCHG2AT1,CHG2AF3,XCHG2AY3,XCHG3AF0,CHG3AY0,XCHG3AT1,CHG3AT2,No Match
CHG2AY2,CHG2AT1,XCHG2AY3,CHG2AY3,CHG3AF0,XCHG3AT1,CHG3AT1,XCHG3AF2,No Match
XCHG2AT3,XCHG2AF1,CHG2AY3,CHG2TGTD,XCHG3AY0,CHG3AT1,XCHG3AF1,CHG3AF2,No Match
CHG2AT3,CHG2AF1,CHG2TGTD,CHG2FGTD,CHG3AY0,XCHG3AF1,CHG3AF1,XCHG3AY2,No Match
XCHG2AF3,XCHG2AY1,CHG2FGTD,XCHG3AT0,XCHG3AT1,CHG3AF1,XCHG3AY1,CHG3AY2,No Match
CHG2AF3,CHG2AY1,XCHG3AT0,CHG3AT0,CHG3AT1,XCHG3AY1,CHG3AY1,XCHG3AT3,No Match
XCHG2AY3,XCHG2AT2,CHG3AT0,XCHG3AF0,XCHG3AF1,CHG3AY1,XCHG3AT2,CHG3AT3,No Match
CHG2AY3,CHG2AT2,XCHG3AF0,CHG3AF0,CHG3AF1,XCHG3AT2,CHG3AT2,XCHG3AF3,No Match
CHG2TGTD,XCHG2AF2,CHG3AF0,XCHG3AY0,XCHG3AY1,CHG3AT2,XCHG3AF2,CHG3AF3,No Match
CHG2FGTD,CHG2AF2,XCHG3AY0,CHG3AY0,CHG3AY1,XCHG3AF2,CHG3AF2,XCHG3AY3,No Match
XCHG3AT0,XCHG2AY2,CHG3AY0,XCHG3AT1,XCHG3AT2,CHG3AF2,XCHG3AY2,CHG3AY3,No Match
CHG3AT0,CHG2AY2,XCHG3AT1,CHG3AT1,CHG3AT2,XCHG3AY2,CHG3AY2,CHG3TGTD,No Match
XCHG3AF0,XCHG2AT3,CHG3AT1,XCHG3AF1,XCHG3AF2,CHG3AY2,XCHG3AT3,CHG3FGTD,No Match
CHG3AF0,CHG2AT3,XCHG3AF1,CHG3AF1,CHG3AF2,XCHG3AT3,CHG3AT3,XCHG4AY0,No Match
XCHG3AY0,XCHG2AF3,CHG3AF1,XCHG3AY1,XCHG3AY2,CHG3AT3,XCHG3AF3,CHG4AY0,No Match
CHG3AY0,CHG2AF3,XCHG3AY1,CHG3AY1,CHG3AY2,XCHG3AF3,CHG3AF3,XCHG4AY1,No Match
XCHG3AT1,XCHG2AY3,CHG3AY1,XCHG3AT2,XCHG3AT3,CHG3AF3,XCHG3AY3,CHG4AY1,No Match
CHG3AT1,CHG2AY3,XCHG3AT2,CHG3AT2,CHG3AT3,XCHG3AY3,CHG3AY3,XCHG4AY2,No Match
XCHG3AF1,CHG2TGTD,CHG3AT2,XCHG3AF2,XCHG3AF3,CHG3AY3,CHG3TGTD,CHG4AY2,No Match
CHG3AF1,CHG2FGTD,XCHG3AF2,CHG3AF2,CHG3AF3,CHG3TGTD,CHG3FGTD,XCHG4AY3,No Match
XCHG3AY1,XCHG3AT0,CHG3AF2,XCHG3AY2,XCHG3AY3,CHG3FGTD,XCHG4AY0,CHG4AY3,No Match
CHG3AY1,CHG3AT0,XCHG3AY2,CHG3AY2,CHG3AY3,XCHG4AY0,CHG4AY0,XCHG5AY0,No Match
XCHG3AT2,XCHG3AF0,CHG3AY2,XCHG3AT3,CHG3TGTD,CHG4AY0,XCHG4AY1,CHG5AY0,No Match
CHG3AT2,CHG3AF0,XCHG3AT3,CHG3AT3,CHG3FGTD,XCHG4AY1,CHG4AY1,XCHG5AY1,No Match
XCHG3AF2,XCHG3AY0,CHG3AT3,XCHG3AF3,XCHG4AY0,CHG4AY1,XCHG4AY2,CHG5AY1,No Match
CHG3AF2,CHG3AY0,XCHG3AF3,CHG3AF3,CHG4AY0,XCHG4AY2,CHG4AY2,XCHG5AY2,No Match
XCHG3AY2,XCHG3AT1,CHG3AF3,XCHG3AY3,XCHG4AY1,CHG4AY2,XCHG4AY3,CHG5AY2,No Match
CHG3AY2,CHG3AT1,XCHG3AY3,CHG3AY3,CHG4AY1,XCHG4AY3,CHG4AY3,XCHG5AY3,No Match
XCHG3AT3,XCHG3AF1,CHG3AY3,CHG3TGTD,XCHG4AY2,CHG4AY3,XCHG5AY0,CHG5AY3,No Match
CHG3AT3,CHG3AF1,CHG3TGTD,CHG3FGTD,CHG4AY2,XCHG5AY0,CHG5AY0,XCHG6AY0,No Match
XCHG3AF3,XCHG3AY1,CHG3FGTD,XCHG4AY0,XCHG4AY3,CHG5AY0,XCHG5AY1,CHG6AY0,No Match
CHG3AF3,CHG3AY1,XCHG4AY0,CHG4AY0,CHG4AY3,XCHG5AY1,CHG5AY1,XCHG6AY1,No Match
XCHG3AY3,XCHG3AT2,CHG4AY0,XCHG4AY1,XCHG5AY0,CHG5AY1,XCHG5AY2,CHG6AY1,No Match
CHG3AY3,CHG3AT2,XCHG4AY1,CHG4AY1,CHG5AY0,XCHG5AY2,CHG5AY2,XCHG6AY2,No Match
CHG3TGTD,XCHG3AF2,CHG4AY1,XCHG4AY2,XCHG5AY1,CHG5AY2,XCHG5AY3,CHG6AY2,No Match
CHG3FGTD,CHG3AF2,XCHG4AY2,CHG4AY2,CHG5AY1,XCHG5AY3,CHG5AY3,XCHG6AY3,No Match
XCHG4AY0,XCHG3AY2,CHG4AY2,XCHG4AY3,XCHG5AY2,CHG5AY3,XCHG6AY0,CHG6AY3,No Match
CHG4AY0,CHG3AY2,XCHG4AY3,CHG4AY3,CHG5AY2,XCHG6AY0,CHG6AY0,XCHG7AY0,No Match
XCHG4AY1,XCHG3AT3,CHG4AY3,XCHG5AY0,XCHG5AY3,CHG6AY0,XCHG6AY1,CHG7AY0,No Match
CHG4AY1,CHG3AT3,XCHG5AY0,CHG5AY0,CHG5AY3,XCHG6AY1,CHG6AY1,XCHG7AY1,No Match
XCHG4AY2,XCHG3AF3,CHG5AY0,XCHG5AY1,XCHG6AY0,CHG6AY1,XCHG6AY2,CHG7AY1,No Match
CHG4AY2,CHG3AF3,XCHG5AY1,CHG5AY1,CHG6AY0,XCHG6AY2,CHG6AY2,XCHG7AY2,No Match
XCHG4AY3,XCHG3AY3,CHG5AY1,XCHG5AY2,XCHG6AY1,CHG6AY2,XCHG6AY3,CHG7AY2,No Match
CHG4AY3,CHG3AY3,XCHG5AY2,CHG5AY2,CHG6AY1,XCHG6AY3,CHG6AY3,XCHG7AY3,No Match
XCHG5AY0,CHG3TGTD,CHG5AY2,XCHG5AY3,XCHG6AY2,CHG6AY3,XCHG7AY0,CHG7AY3,No Match
CHG5AY0,CHG3FGTD,XCHG5AY3,CHG5AY3,CHG6AY2,XCHG7AY0,CHG7AY0,XCHG8AY0,No Match
XCHG5AY1,XCHG4AY0,CHG5AY3,XCHG6AY0,XCHG6AY3,CHG7AY0,XCHG7AY1,CHG8AY0,No Match
CHG5AY1,CHG4AY0,XCHG6AY0,CHG6AY0,CHG6AY3,XCHG7AY1,CHG7AY1,XCHG8AY1,No Match
XCHG5AY2,XCHG4AY1,CHG6AY0,XCHG6AY1,XCHG7AY0,CHG7AY1,XCHG7AY2,CHG8AY1,No Match
CHG5AY2,CHG4AY1,XCHG6AY1,CHG6AY1,CHG7AY0,XCHG7AY2,CHG7AY2,XCHG8AY2,No Match
XCHG5AY3,XCHG4AY2,CHG6AY1,XCHG6AY2,XCHG7AY1,CHG7AY2,XCHG7AY3,CHG8AY2,No Match
CHG5AY3,CHG4AY2,XCHG6AY2,CHG6AY2,CHG7AY1,XCHG7AY3,CHG7AY3,XCHG8AY3,No Match
XCHG6AY0,XCHG4AY3,CHG6AY2,XCHG6AY3,XCHG7AY2,CHG7AY3,XCHG8AY0,CHG8AY3,No Match
CHG6AY0,CHG4AY3,XCHG6AY3,CHG6AY3,CHG7AY2,XCHG8AY0,CHG8AY0,XCHG9AY0,No Match
XCHG6AY1,XCHG5AY0,CHG6AY3,XCHG7AY0,XCHG7AY3,CHG8AY0,XCHG8AY1,CHG9AY0,No Match
CHG6AY1,CHG5AY0,XCHG7AY0,CHG7AY0,CHG7AY3,XCHG8AY1,CHG8AY1,XCHG9AY1,No Match
XCHG6AY2,XCHG5AY1,CHG7AY0,XCHG7AY1,XCHG8AY0,CHG8AY1,XCHG8AY2,CHG9AY1,No Match
CHG6AY2,CHG5AY1,XCHG7AY1,CHG7AY1,CHG8AY0,XCHG8AY2,CHG8AY2,XCHG9AY2,No Match
XCHG6AY3,XCHG5AY2,CHG7AY1,XCHG7AY2,XCHG8AY1,CHG8AY2,XCHG8AY3,CHG9AY2,No Match
CHG6AY3,CHG5AY2,XCHG7AY2,CHG7AY2,CHG8AY1,XCHG8AY3,CHG8AY3,XCHG9AY3,No Match
XCHG7AY0,XCHG5AY3,CHG7AY2,XCHG7AY3,XCHG8AY2,CHG8AY3,XCHG9AY0,CHG9AY3 ,No Match
CHG7AY0,CHG5AY3,XCHG7AY3,CHG7AY3,CHG8AY2,XCHG9AY0,CHG9AY0,,No Match
XCHG7AY1,XCHG6AY0,CHG7AY3,XCHG8AY0,XCHG8AY3,CHG9AY0,XCHG9AY1,,No Match
CHG7AY1,CHG6AY0,XCHG8AY0,CHG8AY0,CHG8AY3,XCHG9AY1,CHG9AY1,,No Match
XCHG7AY2,XCHG6AY1,CHG8AY0,XCHG8AY1,XCHG9AY0,CHG9AY1,XCHG9AY2,,No Match
CHG7AY2,CHG6AY1,XCHG8AY1,CHG8AY1,CHG9AY0,XCHG9AY2,CHG9AY2,,No Match
XCHG7AY3,XCHG6AY2,CHG8AY1,XCHG8AY2,XCHG9AY1,CHG9AY2,XCHG9AY3,,No Match
CHG7AY3,CHG6AY2,XCHG8AY2,CHG8AY2,CHG9AY1,XCHG9AY3,CHG9AY3 ,,No Match
XCHG8AY0,XCHG6AY3,CHG8AY2,XCHG8AY3,XCHG9AY2,CHG9AY3 ,,,
CHG8AY0,CHG6AY3,XCHG8AY3,CHG8AY3,CHG9AY2,,,,
XCHG8AY1,XCHG7AY0,CHG8AY3,XCHG9AY0,XCHG9AY3,,,,
CHG8AY1,CHG7AY0,XCHG9AY0,CHG9AY0,CHG9AY3 ,,,,
XCHG8AY2,XCHG7AY1,CHG9AY0,XCHG9AY1,,,,,
CHG8AY2,CHG7AY1,XCHG9AY1,CHG9AY1,,,,,
XCHG8AY3,XCHG7AY2,CHG9AY1,XCHG9AY2,,,,,
CHG8AY3,CHG7AY2,XCHG9AY2,CHG9AY2,,,,,
XCHG9AY0,XCHG7AY3,CHG9AY2,XCHG9AY3,,,,,
CHG9AY0,CHG7AY3,XCHG9AY3,CHG9AY3 ,,,,,
XCHG9AY1,XCHG8AY0,CHG9AY3 ,,,,,,
CHG9AY1,CHG8AY0,,,,,,,
XCHG9AY2,XCHG8AY1,,,,,,,
CHG9AY2,CHG8AY1,,,,,,,
XCHG9AY3,XCHG8AY2,,,,,,,
CHG9AY3 ,CHG8AY2,,,,,,,
,XCHG8AY3,,,,,,,
,CHG8AY3,,,,,,,
,XCHG9AY0,,,,,,,
,CHG9AY0,,,,,,,
,XCHG9AY1,,,,,,,
,CHG9AY1,,,,,,,
,XCHG9AY2,,,,,,,
,CHG9AY2,,,,,,,
,XCHG9AY3,,,,,,,
,CHG9AY3 ,,,,,,,
